{
  "caribe": [
    {
      "id": "cartagena",
      "nombre": "Cartagena de Indias",
      "tipo": "Cultural",
      "coords": [
        10.421,
        -75.535
      ],
      "lugar": "Bolívar / Cartagena",
      "nota": "Ciudad amurallada, patrimonio de la humanidad."
    },
    {
      "id": "tayrona",
      "nombre": "Parque Tayrona",
      "tipo": "Natural",
      "coords": [
        11.32,
        -74.02
      ],
      "lugar": "Magdalena / Santa Marta",
      "nota": "Playas, selva y biodiversidad."
    },
    {
      "id": "baru",
      "nombre": "Isla Barú - Playa Blanca",
      "tipo": "Natural",
      "coords": [
        10.18,
        -75.62
      ],
      "lugar": "Bolívar",
      "nota": "Aguas claras y corales cercanos."
    }
  ],
  "andina": [
    {
      "id": "nevados",
      "nombre": "Parque Nacional Los Nevados",
      "tipo": "Natural",
      "coords": [
        4.8,
        -75.36
      ],
      "lugar": "Tolima, Caldas, Risaralda, Quindío",
      "nota": "Alta montaña, glaciares y frailejones."
    },
    {
      "id": "villaleyva",
      "nombre": "Villa de Leyva",
      "tipo": "Histórico",
      "coords": [
        5.63,
        -73.52
      ],
      "lugar": "Boyacá",
      "nota": "Arquitectura colonial y paleontología."
    },
    {
      "id": "guatape",
      "nombre": "Guatapé y El Peñol",
      "tipo": "Cultural",
      "coords": [
        6.23,
        -75.16
      ],
      "lugar": "Antioquia",
      "nota": "Piedra del Peñol y zócalos coloridos."
    }
  ],
  "pacifica": [
    {
      "id": "utria",
      "nombre": "PNN Utría",
      "tipo": "Natural",
      "coords": [
        6.03,
        -77.34
      ],
      "lugar": "Chocó",
      "nota": "Manglares y avistamiento de ballenas."
    },
    {
      "id": "nuqui",
      "nombre": "Nuquí",
      "tipo": "Natural",
      "coords": [
        5.71,
        -77.27
      ],
      "lugar": "Chocó",
      "nota": "Selva y mar en armonía."
    },
    {
      "id": "bahiasolano",
      "nombre": "Bahía Solano",
      "tipo": "Natural",
      "coords": [
        6.22,
        -77.4
      ],
      "lugar": "Chocó",
      "nota": "Buceo y naturaleza exuberante."
    }
  ],
  "orinoquia": [
    {
      "id": "tuparro",
      "nombre": "PNN El Tuparro",
      "tipo": "Natural",
      "coords": [
        5.36,
        -69.75
      ],
      "lugar": "Vichada",
      "nota": "Raudales y sabanas abiertas."
    },
    {
      "id": "yopal",
      "nombre": "Yopal - Safari llanero",
      "tipo": "Natural",
      "coords": [
        5.35,
        -72.41
      ],
      "lugar": "Casanare",
      "nota": "Fauna de sabana y cultura llanera."
    },
    {
      "id": "restrepo",
      "nombre": "Restrepo - Malocas",
      "tipo": "Cultural",
      "coords": [
        4.26,
        -73.56
      ],
      "lugar": "Meta",
      "nota": "Tradición vaquera y gastronomía llanera."
    }
  ],
  "amazonia": [
    {
      "id": "leticia",
      "nombre": "Leticia",
      "tipo": "Urbano",
      "coords": [
        -4.2,
        -69.94
      ],
      "lugar": "Amazonas",
      "nota": "Ciudad amazónica de triple frontera."
    },
    {
      "id": "amacayacu",
      "nombre": "PNN Amacayacu",
      "tipo": "Natural",
      "coords": [
        -3.75,
        -70.27
      ],
      "lugar": "Amazonas",
      "nota": "Biodiversidad y comunidades indígenas."
    },
    {
      "id": "puertonarino",
      "nombre": "Puerto Nariño",
      "tipo": "Cultural",
      "coords": [
        -3.77,
        -70.38
      ],
      "lugar": "Amazonas",
      "nota": "Turismo comunitario y miradores del río."
    }
  ],
  "insular": [
    {
      "id": "sanandres",
      "nombre": "San Andrés",
      "tipo": "Natural",
      "coords": [
        12.58,
        -81.7
      ],
      "lugar": "San Andrés",
      "nota": "Mar de siete colores y arrecifes."
    },
    {
      "id": "providencia",
      "nombre": "Providencia",
      "tipo": "Natural",
      "coords": [
        13.35,
        -81.37
      ],
      "lugar": "Providencia",
      "nota": "Reserva de Biosfera Seaflower."
    },
    {
      "id": "johnnycay",
      "nombre": "Johnny Cay",
      "tipo": "Natural",
      "coords": [
        12.59,
        -81.7
      ],
      "lugar": "San Andrés",
      "nota": "Islote y playa emblemática."
    }
  ]
}