{
  "caribe": "La región Caribe combina culturas afroindígenas, ciudades históricas y ecosistemas costeros. Sus plazas, murallas y manglares cuentan historias de mezcla cultural y biodiversidad.",
  "andina": "La región Andina es cordilleras, valles y páramos. Allí nacen ríos, se cultiva café y conviven tradiciones campesinas con ciudades dinámicas.",
  "pacifica": "El Pacífico es selva húmeda y mar. Los manglares protegen la costa y la cultura afrocolombiana se expresa en música, cocina y artes de pesca.",
  "orinoquia": "La Orinoquia es llanura, morichales y atardeceres amplios. Su cultura se vive en el joropo, el trabajo de llano y el cuidado del ganado.",
  "amazonia": "La Amazonia es bosque lluvioso de altísima diversidad biológica y cultural. Los ríos son sus caminos y las comunidades son guardianas del territorio.",
  "insular": "La región Insular resguarda el Caribe oceánico: arrecifes, lenguas criollas y saberes marinos. Es clave el turismo responsable y el cuidado de corales."
}