{
  "titulo": "Evaluación – Colombia en 6 Rutas",
  "items": [
    {
      "id": "q1",
      "tipo": "mc",
      "pregunta": "¿En qué región se encuentra el Parque Tayrona?",
      "opciones": [
        "Caribe",
        "Andina",
        "Pacífica",
        "Insular"
      ],
      "respuesta": 0
    },
    {
      "id": "q2",
      "tipo": "mc",
      "pregunta": "Villa de Leyva es un destino principalmente…",
      "opciones": [
        "Natural",
        "Cultural/Histórico",
        "Urbano",
        "Insular"
      ],
      "respuesta": 1
    },
    {
      "id": "q3",
      "tipo": "mc",
      "pregunta": "¿Qué práctica NO es responsable al visitar arrecifes?",
      "opciones": [
        "Usar bloqueador amigable",
        "Tocar o extraer corales",
        "Mantener distancia",
        "Seguir senderos"
      ],
      "respuesta": 1
    },
    {
      "id": "q4",
      "tipo": "mc",
      "pregunta": "El Tuparro está ubicado en…",
      "opciones": [
        "Antioquia",
        "Vichada",
        "Meta",
        "Amazonas"
      ],
      "respuesta": 1
    },
    {
      "id": "q5",
      "tipo": "mc",
      "pregunta": "San Andrés pertenece a la región…",
      "opciones": [
        "Insular",
        "Caribe continental",
        "Pacífica",
        "Andina"
      ],
      "respuesta": 0
    }
  ]
}